name,film_count,avg_revenue
Steven Spielberg,27,338792339.41
Clint Eastwood,20,125602944.4
Robert Rodriguez,17,65541151.82
Martin Scorsese,17,115096235.18
Ridley Scott,16,199347374.81
Renny Harlin,15,68766706.0
Tim Burton,14,238387017.21
Steven Soderbergh,14,151061745.93
Robert Zemeckis,13,276201692.46
Oliver Stone,13,98311431.92
Joel Schumacher,13,110541276.69
Woody Allen,12,55758419.83
Tony Scott,12,155660061.58
Peter Farrelly,12,114221407.25
Michael Bay,12,486043719.83
Brian De Palma,12,76768395.92
Wes Craven,11,69968331.64
Ron Howard,11,261580958.82
Richard Donner,11,118560042.82
Kevin Smith,11,22303915.82
Bobby Farrelly,11,121656172.64
Shawn Levy,10,221858706.3
Rob Reiner,10,80379747.7
Richard Linklater,10,31153203.7
Quentin Tarantino,10,153096869.4
Paul W.S. Anderson,10,130186174.0
Joel Coen,10,95846638.2
Francis Ford Coppola,10,88604436.5
David Fincher,10,213934632.5
Spike Lee,9,37846530.11
Rob Cohen,9,150562222.22
Peter Jackson,9,722071424.44
M. Night Shyamalan,9,272483881.11
John Carpenter,9,28434219.89
Chris Columbus,9,413959055.89
Barry Levinson,9,123250247.78
Stephen Frears,8,47301392.75
Sam Raimi,8,391612682.75
Roland Emmerich,8,369602630.0
Phillip Noyce,8,131971485.13
Lasse Hallström,8,70268067.75
John McTiernan,8,146300037.5
Jay Roach,8,215318779.5
George Miller,8,146626780.5
F. Gary Gray,8,94790926.88
Dennis Dugan,8,172495191.63
Danny Boyle,8,93449068.38
Christopher Nolan,8,528435404.25
Bryan Singer,8,351029375.13
Brett Ratner,8,220502662.0
Antoine Fuqua,8,97501640.0
Alfred Hitchcock,8,11437500.0
Adam Shankman,8,109195346.63
Zack Snyder,7,353742483.86
Wolfgang Petersen,7,230716583.29
Wes Anderson,7,59034326.0
Tom Shadyac,7,189882125.43
Todd Phillips,7,188627625.0
Simon West,7,154448457.14
Sam Mendes,7,387649829.86
Paul Greengrass,7,201964497.43
Martin Campbell,7,264906421.71
Marc Forster,7,201298420.57
Lilly Wachowski,7,291790424.14
Lana Wachowski,7,291790424.14
John Singleton,7,90344356.0
James Cameron,7,840509919.86
Ivan Reitman,7,129339972.57
Harold Ramis,7,79540395.71
Guy Ritchie,7,154368841.29
Gore Verbinski,7,453859051.0
Garry Marshall,7,205884428.57
Ethan Coen,7,102923953.14
Edward Zwick,7,162208269.0
Doug Liman,7,191737236.0
Barry Sonnenfeld,7,313205533.86
Ang Lee,7,198517099.86
William Friedkin,6,90369264.83
Tom Tykwer,6,56260181.5
Tim Story,6,134984412.5
Terry Gilliam,6,44939861.5
Stephen Hopkins,6,63003881.33
Stanley Kubrick,6,52249809.0
Roman Polanski,6,56964829.0
Roger Donaldson,6,72010164.33
Robert Schwentke,6,155402603.67
Robert Luketic,6,114464460.67
Rob Minkoff,6,306907211.5
Raja Gosnell,6,281923680.17
Peter Segal,6,139472784.33
Peter Berg,6,208970653.17
Paul Weitz,6,121436214.5
Paul Thomas Anderson,6,37521857.17
Michael Mann,6,112188574.0
McG,6,191292042.33
Mark Waters,6,117125587.5
Louis Leterrier,6,115681965.17
Jon Turteltaub,6,178956478.17
Jon Favreau,6,403142372.0
John Woo,6,207341180.67
Joe Wright,6,90538952.33
Joe Dante,6,60866585.33
Jaume Collet-Serra,6,109103461.83
James Wan,6,393719131.17
James Mangold,6,178157988.33
Gus Van Sant,6,65808408.67
Frank Coraci,6,143716563.5
Donald Petrie,6,83139453.83
David O. Russell,6,129060671.17
David Gordon Green,6,28745133.5
David Cronenberg,6,28176498.5
David Ayer,6,182331619.17
Darren Aronofsky,6,126843558.17
Cameron Crowe,6,120448562.0
Andy Fickman,6,91241402.0
Alejandro González Iñárritu,6,146329978.5
Adam McKay,6,143179409.17
Wayne Wang,5,49187609.2
Tyler Perry,5,59999435.4
Tim Hill,5,144121195.4
Sydney Pollack,5,162700213.0
Steve Carr,5,123219531.6
Stephen Herek,5,46274384.0
Sidney Lumet,5,20470563.4
Rob Marshall,5,356292276.6
Richard LaGravenese,5,55163683.6
Peter Hyams,5,76127137.4
Paul Verhoeven,5,123857915.0
Nicholas Stoller,5,125205688.6
Neil Jordan,5,63117225.2
Nancy Meyers,5,249735494.4
Mike Newell,5,306467823.2
Michael Moore,5,40672076.0
Michael Apted,5,182776543.4
Mel Brooks,5,61325752.2
Mark Neveldine,5,53864455.2
Malcolm D. Lee,5,53966595.4
Luc Besson,5,113155643.4
Les Mayfield,5,66426895.6
Lee Tamahori,5,131452823.2
Kevin Reynolds,5,155296362.8
Judd Apatow,5,123767863.2
Jon M. Chu,5,223065615.6
John Madden,5,123976295.8
John Lasseter,5,451203061.2
John Landis,5,99057959.6
John Glen,5,176518734.8
John Frankenheimer,5,36841526.6
Jason Reitman,5,92617986.4
Jason Friedberg,5,62943594.2
Jan de Bont,5,251424405.6
Guy Hamilton,5,101496089.0
Guillermo del Toro,5,181115642.8
George Lucas,5,667822778.6
George Clooney,5,71978078.6
George A. Romero,5,27432843.0
Gavin O'Connor,5,24265922.2
Gary Fleder,5,42786025.0
Frank Capra,5,7235445.0
Francis Lawrence,5,590491436.4
Eric Darnell,5,485762451.2
Edgar Wright,5,45880981.8
David Zucker,5,115263957.4
David R. Ellis,5,81032940.6
Chris Weitz,5,289660916.4
Carlos Saldanha,5,558629757.2
Brian Robbins,5,37280482.2
Brian Levant,5,134817415.6
Brian Helgeland,5,85733521.4
Brad Bird,5,436438383.4
Ben Stiller,5,119156349.6
Anne Fletcher,5,137074624.8
Andy Tennant,5,172331931.4
Andrzej Bartkowiak,5,59247287.8
Andrew Niccol,5,54846988.2
Andrew Adamson,5,521371889.4
Alfonso Cuarón,5,322926213.8
Alexander Payne,5,83018464.6
Alex Proyas,5,154912491.6
Aaron Seltzer,5,62943594.2
Walter Salles,4,11177871.5
Walter Hill,4,13127931.75
Walt Becker,4,154468943.25
Tom McGrath,4,551347376.75
Tobe Hooper,4,41492383.75
Timur Bekmambetov,4,124149114.5
Tim Johnson,4,227578609.25
Terence Young,4,71223605.75
Tarsem Singh,4,136150402.0
Stephen Daldry,4,79966250.25
Spike Jonze,4,50775703.25
Seth Gordon,4,113700610.5
Sean Anders,4,106817699.25
Sam Peckinpah,4,4163378.5
Russell Mulcahy,4,50612970.5
Ron Shelton,4,30667215.75
Robert Wise,4,120311917.75
Robert Redford,4,76259415.5
Rob Zombie,4,20613697.75
Rob Letterman,4,286082600.25
Rob Bowman,4,72948031.0
Rick Famuyiwa,4,22954540.25
Richard Fleischer,4,41174231.0
Pierre Morel,4,75721396.25
Phil Lord,4,275544025.0
Peyton Reed,4,260188139.5
Peter Weir,4,195174105.25
Peter Howitt,4,66698698.25
Peter Chelsom,4,103390583.5
Penny Marshall,4,79800797.75
Nicolas Winding Refn,4,22996512.0
Nick Cassavetes,4,127586016.75
Mira Nair,4,10801152.0
Mike Mitchell,4,311800296.0
Mikael Håfström,4,92780354.5
Michael Caton-Jones,4,62997646.0
Matthew Vaughn,4,149305816.75
Martin Brest,4,126245098.25
Luke Greenfield,4,77926777.25
Ken Kwapis,4,77584735.25
Keenen Ivory Wayans,4,96323673.0
Jonathan Mostow,4,183817582.75
Jonathan Frakes,4,83769230.0
John Moore,4,125708367.25
John Lee Hancock,4,130792473.0
John Ford,4,6500000.0
John Erick Dowdle,4,42239366.5
John Dahl,4,18039522.25
Jerry Zucker,4,200388127.0
Jeff Tremaine,4,101529208.0
Jean-Pierre Jeunet,4,89854185.75
Jean-Jacques Annaud,4,86466640.0
Jay Chandrasekhar,4,38369415.5
James McTeigue,4,59425661.75
James Ivory,4,18161277.5
Jake Kasdan,4,90641122.5
J.J. Abrams,4,377747922.75
Iain Softley,4,51836015.0
Hayao Miyazaki,4,214122594.0
Gavin Hood,4,133307174.0
Gary Winick,4,89502611.5
Fred Zinnemann,4,19912500.0
Frank Oz,4,52954581.25
Frank Marshall,4,90605046.0
Frank Darabont,4,101838804.25
Eli Roth,4,37017449.25
David Twohy,4,72537581.25
David Lynch,4,21013473.25
David Lean,4,60585350.25
David Koepp,4,43887104.25
David Frankel,4,173090726.5
David Bowers,4,64519988.25
Darren Lynn Bousman,4,114085666.75
D.J. Caruso,4,110249057.75
Curtis Hanson,4,87056249.5
Craig Gillespie,4,31655654.25
Conrad Vernon,4,547255629.75
Chuck Russell,4,201001342.75
Christopher Miller,4,275544025.0
Catherine Hardwicke,4,124947946.75
Burr Steers,4,51402493.25
Brian Taylor,4,66884378.25
Brad Silberling,4,141328297.25
Brad Anderson,4,20768997.5
Bob Clark,4,47645615.0
Bill Condon,4,249736079.0
Baz Luhrmann,4,181776654.0
Andrew Stanton,4,527261338.75
Allen Hughes,4,69816758.5
Adrian Lyne,4,134735150.5
Zhang Yimou,3,121856603.67
Wong Kar-wai,3,35044928.67
William Brent Bell,3,64350650.67
Will Gluck,3,119752628.67
Warren Beatty,3,57774756.33
Victor Fleming,3,146431475.33
Vicky Jenson,3,286029827.33
Tony Gilroy,3,143188257.67
Tom Dey,3,76469780.33
Todd Haynes,3,11360941.0
Thor Freudenthal,3,107771236.33
Thomas Carter,3,65945348.33
Terrence Malick,3,61112268.0
Taylor Hackford,3,107964278.33
Steven Brill,3,91113213.67
Steve Pink,3,41963199.0
Steve Miner,3,38427752.33
Stephen Sommers,3,248895105.67
Stephen Chow,3,63664225.33
Sofia Coppola,3,63535857.67
Simon Wincer,3,21391429.67
Simon Wells,3,127111707.33
Shekhar Kapur,3,62090283.33
Sergio Leone,3,8607169.33
Scott Hicks,3,72047989.67
Scott Derrickson,3,151674255.33
Scott Cooper,3,51233436.67
Sam Fell,3,74158620.0
Ruben Fleischer,3,82713241.67
Ronny Yu,3,55193564.67
Ron Clements,3,293558033.0
Roger Spottiswoode,3,145498848.33
Roger Michell,3,172536874.0
Roger Kumble,3,61313051.67
Robert Iscove,3,42905509.0
Richard Lester,3,92869666.0
Richard Kelly,3,11659598.67
Richard Curtis,3,122793666.33
Richard Brooks,3,13659291.67
Richard Benjamin,3,8533235.33
Reginald Hudlin,3,33576728.33
Rawson Marshall Thurber,3,218229657.33
Randall Wallace,3,92081705.67
Randal Kleiser,3,91820012.0
Pierre Coffin,3,890335610.67
Peter Sollett,3,12121129.33
Peter Cattaneo,3,88917892.67
Pete Docter,3,718508837.33
Paul McGuigan,3,34512478.67
Paul Haggis,3,59700167.33
Paul Feig,3,225401737.33
Patrick Lussier,3,54222152.0
Patricia Riggen,3,41738038.0
Park Chan-wook,3,16953584.67
Olivier Megaton,3,254292861.33
Norman Jewison,3,52420194.0
Noah Baumbach,3,7585147.33
Nimród Antal,3,52388000.33
Niki Caro,3,37444767.0
Nicole Holofcener,3,14281413.33
Nicholas Hytner,3,25836255.33
Neill Blomkamp,3,200453286.33
Morgan Spurlock,3,9766921.33
Miloš Forman,3,69462911.33
Mike Nichols,3,86472369.0
Mike Judge,3,8057299.67
Miguel Arteta,3,41457125.0
Michel Gondry,3,103931323.0
Michael Ritchie,3,41162095.67
Michael Curtiz,3,9399500.0
Mel Gibson,3,314024903.33
Matt Reeves,3,301851401.67
Mark L. Lester,3,25618574.67
Mark Dindal,3,162442329.67
Marc Webb,3,506218674.33
Marc Lawrence,3,108177196.67
Lewis Gilbert,3,169110519.67
Len Wiseman,3,196860240.67
Lars von Trier,3,20841365.0
Kirk Jones,3,97037691.0
King Vidor,3,18200000.0
Kimberly Peirce,3,35047341.67
Kevin Rodney Sullivan,3,57219550.0
Kevin Macdonald,3,49899322.0
Kevin Costner,3,170043791.67
Kenneth Branagh,3,347796692.67
Kathryn Bigelow,3,69996560.67
Justin Lin,3,376025927.67
Joss Whedon,3,987943689.33
Jonathan Lynn,3,57971082.0
Jonathan Liebesman,3,326888918.67
Jonathan Levine,3,53022806.67
Jonathan Demme,3,191842442.0
Jon Amiel,3,100138139.33
John Whitesell,3,89701848.67
John Stockwell,3,37735413.67
John Requa,3,102488731.67
John Musker,3,293558033.0
John Hillcoat,3,15107765.0
John Boorman,3,20652534.67
Joe Russo,3,666167478.33
Joe Johnston,3,282484677.67
Joe Carnahan,3,49005324.33
Jodie Foster,3,37257529.67
Jim Sheridan,3,42754405.67
Jesse Dylan,3,106225023.67
Jeff Wadlow,3,37458368.33
Jeff Nichols,3,10299765.33
Jean-Marc Vallée,3,45036571.67
Jane Campion,3,40380026.0
James Wong,3,81240490.67
James L. Brooks,3,139296095.0
James Gunn,3,268697251.67
James Gray,3,21314251.33
James DeMonaco,3,105566451.33
James Bobin,3,181645870.33
James Algar,3,147213906.67
J.C. Chandor,3,12539943.0
Hugh Wilson,3,100953972.0
Henry Joost,3,144076373.33
Gregory Hoblit,3,44292233.0
Greg Mottola,3,78726551.0
Glenn Ficarra,3,102488731.67
Gina Prince-Bythewood,3,26817413.33
"George Tillman, Jr.",3,44969972.0
George Sidney,3,8630666.67
George P. Cosmatos,3,119686679.0
Gary Ross,3,288194362.33
Frank Miller,3,79057591.0
Fernando Meirelles,3,44317806.33
Elia Kazan,3,8466666.67
Duncan Jones,3,196923328.0
Don Bluth,3,87006609.33
Dominic Sena,3,132162913.33
Denis Villeneuve,3,71085447.0
Dean Parisot,3,101051114.67
Dean DeBlois,3,416591111.33
Davis Guggenheim,3,18102286.33
David Yates,3,742971665.33
David Slade,3,260339843.0
David Raynr,3,12700835.67
David Hand,3,178564212.0
David Dobkin,3,82497770.67
Christopher McQuarrie,3,306598711.67
Chris Wedge,3,304126921.33
Chris Sanders,3,408609738.0
Chris Renaud,3,796744726.0
Charles Martin Smith,3,56991143.0
Bruce Beresford,3,114784768.33
Breck Eisner,3,107054178.67
Brad Peyton,3,312889118.67
Brad Furman,3,54488784.0
Boaz Yakin,3,73673374.67
Billy Wilder,3,20333333.33
Betty Thomas,3,257052582.33
Baltasar Kormákur,3,132822665.0
Ariel Schulman,3,144076373.33
Anton Corbijn,3,35059562.33
Anthony Russo,3,666167478.33
Anthony Minghella,3,177929399.67
Angelina Jolie,3,55824853.33
Andrew Davis,3,169155842.33
Anand Tucker,3,13836923.0
Alexandre Aja,3,75082772.33
Alex Kendrick,3,26052289.67
Alejandro Amenábar,3,31749275.67
Albert Hughes,3,86521956.67
Alan Parker,3,60000930.0
